<?xml version="1.0" encoding="UTF-8" ?>
<component name="MainScene" extends="Scene">
	<interface> 
		<field id="outputEvent" type="assocarray" value = "{}" alwaysNotify = "true"/>
		<field id="topPageId" type="string" />
	</interface>

	<children>
		<Group id="NavGroup" translation="[0,0]"/>
	</children>
	
	<script type="text/brightscript" uri="./MainScene.brs" />
	<script type="text/brightscript" uri="pkg:/components/Utilities/NavStack.brs" />
	<script type="text/brightscript" uri="pkg:/components/Utilities/Events.brs" />
	<script type="text/brightscript" uri="pkg:/components/Utilities/ConsoleLog.brs" />
</component>
